{
  "n_samples": 11994,
  "MedAE": 27.23040771484375,
  "MAE": 48.88818359375,
  "RMSE": 88.42873741924906,
  "R2": 0.8164851069450378,
  "Pearson": 0.9037061929702759,
  "Spearman": 0.9253522648366072,
  "Pct_le_60s": 78.10571952642988,
  "Pct_le_30s": 53.77688844422212,
  "Pct_le_10s": 20.4352176088044
}