{
  "n_samples": 11994,
  "MedAE": 22.194169998168945,
  "MAE": 39.570142127486875,
  "RMSE": 71.94129494188263,
  "R2": 0.8202391110775269,
  "Pearson": 0.9061386415952342,
  "Spearman": 0.9257438121172905,
  "Pct_le_60s": 84.17542104385525,
  "Pct_le_30s": 61.69751542437886,
  "Pct_le_10s": 25.40436885109221
}