{
  "n_samples": 11994,
  "MedAE": 26.14044189453125,
  "MAE": 48.43251419067383,
  "RMSE": 90.68086101646531,
  "R2": 0.807018518447876,
  "Pearson": 0.9004362225532532,
  "Pearson_p": 0.0,
  "Spearman": 0.9281400493861623,
  "Spearman_p": 0.0,
  "Pct_le_60s": 79.38969484742371,
  "Pct_le_30s": 55.26096381524095,
  "Pct_le_10s": 21.68584292146073,
  "Median_Rel_Error": 3.417017936706543,
  "Mean_Error": -3.5619561672210693,
  "Std_Error": 90.61087036132812
}