{
  "n_samples": 11994,
  "MedAE": 36.15387964248657,
  "MAE": 54.14625361071072,
  "RMSE": 81.64014271502108,
  "R2": 0.7685025477234806,
  "Pearson": 0.8779546485878038,
  "Spearman": 0.89785095138355,
  "Pct_le_60s": 70.69368017342005,
  "Pct_le_30s": 42.72136068034017,
  "Pct_le_10s": 15.774553943638486
}